chapter,scene,tension_0-10,description
1,1,2,Prologue reflection—elderly protagonist introduces contemplative setting
1,2,3,Quiet memories surfaced, nostalgic atmosphere gently presented
1,3,4,Mild emotional reflection on life's purpose and meaning

2,1,3,Noah’s peaceful routine portrayed, establishing calm habits
2,2,4,Initial description of the renovated house & emotional significance
2,3,5,Resurfacing memories and personal longing within solitude
2,4,3,Quiet comfort reestablished, Noah settling into hopeful patience

3,1,5,Subtle tension as Allie first reappears unexpectedly at Noah’s home
3,2,6,First interactions—awkward politeness masking deeper emotions
3,3,7,Pacing gently quickens as glimpses of unresolved romantic history surface
3,4,5,Scene settles down, characters retreat briefly into careful neutrality

4,1,4,Conversational nostalgia and gentle emotional sharing begins
4,2,5,Emotional vulnerability quietly deepens in initial exchanged letters scene
4,3,6,Subtle emotion-driven tension rising through phone-call memories and indirect confessions
4,4,5,Calm but charged atmosphere, ending with balanced emotional uncertainty

5,1,5,Calm scenic kayaking trip, introspective serenity emphasized
5,2,6,Moderate tension from intimate conversation about dreams and past happiness
5,3,7,Mild tension builds slowly with emotional confessions, carefully revealed memories
5,4,4,Emotionally resonant conclusion, gently downshifting tension briefly  

6,1,5,Idyllic scenery providing comfortable emotional calm initially
6,2,6,Increasing romantic awareness, unspoken emotions slowly build
6,3,7,Explicit memory-sharing heightening emotional stakes visibly    
6,4,6,Scene returning to nostalgic comfort still vibrating from emotional disclosure 

7,1,6,Peaceful imagery of swans introduces delicate romantic symbolism
7,2,7,Unexpected storm reflecting brewing internal passions; emotional tension rises dramatically
7,3,8,"Immediate aftermath: emotional intimacy amidst the storm, romantic tension peaking"
7,4,6,Gentle reflective serenity re-established post-storm, easing characters back from tension 

8,1,7,Social expectation and internal conflicted dialogue; emotional tension escalating openly
8,2,8,Confrontational emotional struggle at its most intense
8,3,9,Acute emotional anguish: clash between heart's desire and societal obligations
8,4,7,Scene closes in emotional exhaustion, maintaining vertically intense tension

9,1,7,Unexpected visitor compelling immediate emotional response; anxiety peaking
9,2,8,Dramatic confrontation and emotional clarification; tension at its pinnacle
9,3,7,Calm-adjacent resolution sought, tension slightly easing but remaining strong
9,4,6,Immediate aftermath, emotions still vividly strained but stabilizing

10,1,8,Crucial emotional decision-point starkly presented; anguished reflection
10,2,9,Character revelation, decision at peak anguish and narrative climax
10,3,6,Sinking gently back into reflective melancholy, emotional regret felt deeply
10,4,5,Quiet reflection, emotional calm tentative; character acceptance appearing softly  

11,1,6,Poignant reflective scene dominated by mildly painful nostalgia
11,2,7,Quiet emotional struggle clearly shown through letter-reading scene
11,3,5,Mild emotional tension, beginning reflection and finality acceptance
11,4,4,Calmer scene-ending resolution, tenderness and gentleness softly returning

12,1,4,Quiet acceptance and emotional comfort gently emerging, winter imagery reflecting steady calm
12,2,3,Final moments together sensitively drawn with nostalgic serenity
12,3,2,"Quiet scene illustrating love enduring, calming emotional close on peaceful reunion"
12,4,1,Epilogue closes gracefully; calm, acceptance, emotional serenity patiently emphasized